<?xml version="1.0" encoding="UTF-8"?>
<rss version="2.0" xmlns:ror="http://rorweb.com/0.1/" >
<channel>
  <title>ROR Sitemap for https://www.trustinsurance.com/</title>
  <link>https://www.trustinsurance.com/</link>

<item>
     <link>https://www.trustinsurance.com/</link>
     <title>
	The Trust | Professional Liability Insurance for Psychologists
</title>
     <description>The Trust provides professional liability insurance and financial security products for psychologists, with affordable rates and discounts. Call: 800-477-1200.</description>
     <ror:updatePeriod></ror:updatePeriod>
     <ror:sortOrder>0</ror:sortOrder>
     <ror:resourceOf>sitemap</ror:resourceOf>
</item>
<item>
     <link>https://www.trustinsurance.com/About</link>
     <title>
	About The Trust | Professional Liability Insurance for Psychologists
</title>
     <description>The Trust provides professional liability insurance and financial security products for psychologists, with affordable rates and discounts. Call: 800-477-1200.</description>
     <ror:updatePeriod></ror:updatePeriod>
     <ror:sortOrder>1</ror:sortOrder>
     <ror:resourceOf>sitemap</ror:resourceOf>
</item>
<item>
     <link>https://www.trustinsurance.com/About/CEO-Message</link>
     <title>
	CEO Message | The Trust
</title>
     <description>Trust CEO Dr. Jana N. Martin highlights the past year, our workshops and webinars, and our dedication to providing insurance protection to psychologists. </description>
     <ror:updatePeriod></ror:updatePeriod>
     <ror:sortOrder>1</ror:sortOrder>
     <ror:resourceOf>sitemap</ror:resourceOf>
</item>
<item>
     <link>https://www.trustinsurance.com/About/Trustees</link>
     <title>
	Meet our Trustees | The Trust
</title>
     <description>The Trust provides professional liability insurance and financial security products for psychologists, with affordable rates and discounts. Call: 800-477-1200.</description>
     <ror:updatePeriod></ror:updatePeriod>
     <ror:sortOrder>1</ror:sortOrder>
     <ror:resourceOf>sitemap</ror:resourceOf>
</item>
<item>
     <link>https://www.trustinsurance.com/About/Trustees/Jana-N-Martin</link>
     <title>
	Jana N. Martin, Trustee | The Trust
</title>
     <description>Dr. Jana N. Martin, Ph.D. joined The Trust as CEO in 2010. She has more than 20 years of experience as a psychologist in private practice in California. </description>
     <ror:updatePeriod></ror:updatePeriod>
     <ror:sortOrder>1</ror:sortOrder>
     <ror:resourceOf>sitemap</ror:resourceOf>
</item>
<item>
     <link>https://www.trustinsurance.com/About/Trustees/John-P-Petrila</link>
     <title>
	John P. Petrila, Trustee | The Trust
</title>
     <description>John P. Petrila, J.D. is Chair and Professor in the Department of Health Policy and Management at the University of South Florida. </description>
     <ror:updatePeriod></ror:updatePeriod>
     <ror:sortOrder>1</ror:sortOrder>
     <ror:resourceOf>sitemap</ror:resourceOf>
</item>
<item>
     <link>https://www.trustinsurance.com/About/Trustees/Douglas-C-Haldeman</link>
     <title>
	Douglas C. Haldeman, Trustee | The Trust
</title>
     <description>Douglas C. Haldeman, Ph.D. has 30 years of experience as a psychologist with a special emphasis on the mental health needs of people in the LGBT community. </description>
     <ror:updatePeriod></ror:updatePeriod>
     <ror:sortOrder>1</ror:sortOrder>
     <ror:resourceOf>sitemap</ror:resourceOf>
</item>
<item>
     <link>https://www.trustinsurance.com/About/Trustees/Josephine-D-Johnson</link>
     <title>
	Josephine D. Johnson, Trustee | The Trust
</title>
     <description>Josephine D. Johnson, Ph.D. is a licensed psychologist in private practice in Michigan providing services to children, adult individuals, and families. </description>
     <ror:updatePeriod></ror:updatePeriod>
     <ror:sortOrder>1</ror:sortOrder>
     <ror:resourceOf>sitemap</ror:resourceOf>
</item>
<item>
     <link>https://www.trustinsurance.com/About/Trustees/Gerald-P-Koocher</link>
     <title>
	Gerald P. Koocher, Trustee | The Trust
</title>
     <description>Gerald P. Kooher, Ph.D. is a licensed psychologist, past president of the American Psychological Association (APA). </description>
     <ror:updatePeriod></ror:updatePeriod>
     <ror:sortOrder>1</ror:sortOrder>
     <ror:resourceOf>sitemap</ror:resourceOf>
</item>
<item>
     <link>https://www.trustinsurance.com/About/Trustees/Page-B-Walley</link>
     <title>
	Page B Walley, Trustee | The Trust
</title>
     <description>Page B. Walley, Ph.D. is a licensed psychologist, former state representative in Tennessee, and currently works to help children in foster care.</description>
     <ror:updatePeriod></ror:updatePeriod>
     <ror:sortOrder>1</ror:sortOrder>
     <ror:resourceOf>sitemap</ror:resourceOf>
</item>
<item>
     <link>https://www.trustinsurance.com/About/Trustees/Stephen-E-Young</link>
     <title>
	Stephen E. Young, Trustee | The Trust
</title>
     <description>Stephen E. Young has extensive experience in the insurance industry and helped grow the number of Group Insurance products offered to Trust clients. </description>
     <ror:updatePeriod></ror:updatePeriod>
     <ror:sortOrder>1</ror:sortOrder>
     <ror:resourceOf>sitemap</ror:resourceOf>
</item>
<item>
     <link>https://www.trustinsurance.com/About/Trustees/Deborah-Ropelewski</link>
     <title>
	Deborah Ropelewski Trustee | The Trust
</title>
     <description>Deborah K. Ropelewski, CPCU, AU, ARe . is a Retired Director of Education</description>
     <ror:updatePeriod></ror:updatePeriod>
     <ror:sortOrder>1</ror:sortOrder>
     <ror:resourceOf>sitemap</ror:resourceOf>
</item>
<item>
     <link>https://www.trustinsurance.com/About/Trustees/Nancy-Molitor</link>
     <title>
	Nancy Molitor, Trustee | The Trust
</title>
     <description>Dr. Nancy Molitor is a Clinical Psychologist and Assistant Professor of Clinical Psychiatry and Behavioral Science at Northwestern University Feinberg School of Medicine in Chicago, Illinois. She is in independent practice in Wilmette, Illinois where she specializes in treating postpartum depression and other mood and anxiety disorders.</description>
     <ror:updatePeriod></ror:updatePeriod>
     <ror:sortOrder>1</ror:sortOrder>
     <ror:resourceOf>sitemap</ror:resourceOf>
</item>
<item>
     <link>https://www.trustinsurance.com/About/Trustees/Gilbert-H-Newman</link>
     <title>
	Gilbert H. Newman | The Trust
</title>
     <description>Dr. Newman is the Vice President For Academic Affairs at the Wright Institute. His clinical training began in 1973 with the Philadelphia Association in London, England, where he spent two years working in innovative residential settings under the tutorial instruction of the eminent anthropologist, Francis Huxley, and with the supervision and guidance of several existential-phenomenological psychotherapists including, R. D. Laing.</description>
     <ror:updatePeriod></ror:updatePeriod>
     <ror:sortOrder>1</ror:sortOrder>
     <ror:resourceOf>sitemap</ror:resourceOf>
</item>
<item>
     <link>https://www.trustinsurance.com/About/Trustees/Lori-C-Thomas</link>
     <title>
	Lori C. Thomas | The Trust
</title>
     <description>Dr. Thomas is the Director of Forensic Services at Wynns Family Psychology, a child and adolescent psychology practice located in North Carolina, with offices in Cary and North Raleigh. She provides psychotherapy to children and their families, conducts private and court-ordered psychological evaluations and custody evaluations, works with high conflict families, and is a trained parent coordinator. Dr. Thomas is a volunteer presenter at a divorce and custody workshop and has collaborated with a</description>
     <ror:updatePeriod></ror:updatePeriod>
     <ror:sortOrder>1</ror:sortOrder>
     <ror:resourceOf>sitemap</ror:resourceOf>
</item>
<item>
     <link>https://www.trustinsurance.com/About/Trustees/Fred-Mill%C3%A1n</link>
     <title>
	Fred Millán | The Trust
</title>
     <description>Dr. Fred Millán is a bilingual Latinx Counseling Psychologist, licensed in New York State and board certified in psychoanalysis by the American Board of Professional Psychology. He is the director of the Graduate Mental Health Counseling Program and Professor of Psychology at SUNY Old Westbury.</description>
     <ror:updatePeriod></ror:updatePeriod>
     <ror:sortOrder>1</ror:sortOrder>
     <ror:resourceOf>sitemap</ror:resourceOf>
</item>
<item>
     <link>https://www.trustinsurance.com/About/Trustees/Katherine-C-Nordal</link>
     <title>
	Katherine C. Nordal | The Trust
</title>
     <description>Dr. Katherine C. Nordal served as Executive Director for Professional Practice for the American Psychological Association and the APA Practice Organization, including psychology’s Political Action Committee (PAC), from January 2008-May of 2018. In that capacity, Dr. Nordal oversaw a wide range of legislative, legal, regulatory and marketplace activities designed to advance and protect the professional practice of psychology and to help ensure the availability of quality psychological services.</description>
     <ror:updatePeriod></ror:updatePeriod>
     <ror:sortOrder>1</ror:sortOrder>
     <ror:resourceOf>sitemap</ror:resourceOf>
</item>
<item>
     <link>https://www.trustinsurance.com/About/TRMS-Inc</link>
     <title>
	Trust Risk Management Services | The Trust
</title>
     <description>Liability insurance for Allied Healthcare professionals offering career protection and risk management tools at affordable rates.</description>
     <ror:updatePeriod></ror:updatePeriod>
     <ror:sortOrder>1</ror:sortOrder>
     <ror:resourceOf>sitemap</ror:resourceOf>
</item>
<item>
     <link>https://www.trustinsurance.com/About/SECP-Committee</link>
     <title>
	Student and Early Career Psychologist Advisory Committee | The Trust
</title>
     <description>The Trust provides professional liability insurance and financial security products for psychologists, with affordable rates and discounts. Call: 800-477-1200.</description>
     <ror:updatePeriod></ror:updatePeriod>
     <ror:sortOrder>1</ror:sortOrder>
     <ror:resourceOf>sitemap</ror:resourceOf>
</item>
<item>
     <link>https://www.trustinsurance.com/About/SECP-Committee/Kento-Yasuhara</link>
     <title>
	Kento Yasuhara, Ph.D. | The Trust
</title>
     <description>The Trust provides professional liability insurance and financial security products for psychologists, with affordable rates and discounts. Call: 800-477-1200.</description>
     <ror:updatePeriod></ror:updatePeriod>
     <ror:sortOrder>1</ror:sortOrder>
     <ror:resourceOf>sitemap</ror:resourceOf>
</item>
<item>
     <link>https://www.trustinsurance.com/About/SECP-Committee/Beth-C-Arredondo</link>
     <title>
	Beth C. Arredondo, Ph.D., ABPP-CN | The Trust
</title>
     <description>The Trust provides professional liability insurance and financial security products for psychologists, with affordable rates and discounts. Call: 800-477-1200.</description>
     <ror:updatePeriod></ror:updatePeriod>
     <ror:sortOrder>1</ror:sortOrder>
     <ror:resourceOf>sitemap</ror:resourceOf>
</item>
<item>
     <link>https://www.trustinsurance.com/About/SECP-Committee/Christopher-M-King</link>
     <title>
	Christopher M. King, JD, PhD | The Trust
</title>
     <description>The Trust provides professional liability insurance and financial security products for psychologists, with affordable rates and discounts. Call: 800-477-1200.</description>
     <ror:updatePeriod></ror:updatePeriod>
     <ror:sortOrder>1</ror:sortOrder>
     <ror:resourceOf>sitemap</ror:resourceOf>
</item>
<item>
     <link>https://www.trustinsurance.com/About/SECP-Committee/Melinda-Wolbransky</link>
     <title>
	Melinda Wolbransky, J.D., Ph.D. | The Trust
</title>
     <description>The Trust provides professional liability insurance and financial security products for psychologists, with affordable rates and discounts. Call: 800-477-1200.</description>
     <ror:updatePeriod></ror:updatePeriod>
     <ror:sortOrder>1</ror:sortOrder>
     <ror:resourceOf>sitemap</ror:resourceOf>
</item>
<item>
     <link>https://www.trustinsurance.com/About/SECP-Committee/Princess-Drake</link>
     <title>
	Princess Drake M.S., M.A. | The Trust
</title>
     <description>The Trust provides professional liability insurance and financial security products for psychologists, with affordable rates and discounts. Call: 800-477-1200.</description>
     <ror:updatePeriod></ror:updatePeriod>
     <ror:sortOrder>1</ror:sortOrder>
     <ror:resourceOf>sitemap</ror:resourceOf>
</item>
<item>
     <link>https://www.trustinsurance.com/About/SECP-Committee/Joy-Marquez</link>
     <title>
	The Trust | Professional Liability Insurance for Psychologists > About > SECP Committee > Joy Marquez
</title>
     <description>The Trust provides professional liability insurance and financial security products for psychologists, with affordable rates and discounts. Call: 800-477-1200.</description>
     <ror:updatePeriod></ror:updatePeriod>
     <ror:sortOrder>1</ror:sortOrder>
     <ror:resourceOf>sitemap</ror:resourceOf>
</item>
<item>
     <link>https://www.trustinsurance.com/About/SECP-Committee/Krystal-Stanley</link>
     <title>
	The Trust | Professional Liability Insurance for Psychologists > About > SECP Committee > Krystal Stanley
</title>
     <description>The Trust provides professional liability insurance and financial security products for psychologists, with affordable rates and discounts. Call: 800-477-1200.</description>
     <ror:updatePeriod></ror:updatePeriod>
     <ror:sortOrder>1</ror:sortOrder>
     <ror:resourceOf>sitemap</ror:resourceOf>
</item>
<item>
     <link>https://www.trustinsurance.com/About/SECP-Committee/Stephanie-Salo</link>
     <title>
	Stephanie Salo, Psy.D. | The Trust
</title>
     <description>The Trust provides professional liability insurance and financial security products for psychologists, with affordable rates and discounts. Call: 800-477-1200.</description>
     <ror:updatePeriod></ror:updatePeriod>
     <ror:sortOrder>1</ror:sortOrder>
     <ror:resourceOf>sitemap</ror:resourceOf>
</item>
<item>
     <link>https://www.trustinsurance.com/About/SECP-Committee/Dustin-Brockberg</link>
     <title>
	Dustin Brockberg | The Trust
</title>
     <description>The Trust provides professional liability insurance and financial security products for psychologists, with affordable rates and discounts. Call: 800-477-1200.</description>
     <ror:updatePeriod></ror:updatePeriod>
     <ror:sortOrder>1</ror:sortOrder>
     <ror:resourceOf>sitemap</ror:resourceOf>
</item>
<item>
     <link>https://www.trustinsurance.com/About/SECP-Committee/Jill-Del-Pozzo</link>
     <title>
	Jill Del Pozzo | The Trust
</title>
     <description>The Trust provides professional liability insurance and financial security products for psychologists, with affordable rates and discounts. Call: 800-477-1200.</description>
     <ror:updatePeriod></ror:updatePeriod>
     <ror:sortOrder>1</ror:sortOrder>
     <ror:resourceOf>sitemap</ror:resourceOf>
</item>
<item>
     <link>https://www.trustinsurance.com/About/SECP-Committee/Victoria-Pietruszka</link>
     <title>
	Victoria Pietruszka | The Trust
</title>
     <description>The Trust provides professional liability insurance and financial security products for psychologists, with affordable rates and discounts. Call: 800-477-1200.</description>
     <ror:updatePeriod></ror:updatePeriod>
     <ror:sortOrder>1</ror:sortOrder>
     <ror:resourceOf>sitemap</ror:resourceOf>
</item>
<item>
     <link>https://www.trustinsurance.com/About/2019-Annual-Report</link>
     <title>
	2019 Annual Report | The Trust
</title>
     <description>Annual review of Trust operations for psychologist policy holders with professional liability insurance coverage.</description>
     <ror:updatePeriod></ror:updatePeriod>
     <ror:sortOrder>1</ror:sortOrder>
     <ror:resourceOf>sitemap</ror:resourceOf>
</item>
<item>
     <link>https://www.trustinsurance.com/About/Our-Partners</link>
     <title>
	Partners | The Trust
</title>
     <description>The Trust provides professional liability insurance and financial security products for psychologists, with affordable rates and discounts. Call: 800-477-1200.</description>
     <ror:updatePeriod></ror:updatePeriod>
     <ror:sortOrder>1</ror:sortOrder>
     <ror:resourceOf>sitemap</ror:resourceOf>
</item>
<item>
     <link>https://www.trustinsurance.com/Request-Information</link>
     <title>
	Request Information about The Trust | The Trust
</title>
     <description>The Trust provides professional liability insurance and financial security products for psychologists, with affordable rates and discounts. Call: 800-477-1200.</description>
     <ror:updatePeriod></ror:updatePeriod>
     <ror:sortOrder>1</ror:sortOrder>
     <ror:resourceOf>sitemap</ror:resourceOf>
</item>
<item>
     <link>https://www.trustinsurance.com/Products-Services</link>
     <title>
	Professional Insurance Products and Services | The Trust
</title>
     <description>Get affordable professional insurance products and services that keeps pace with new rules and emerging risks. Premium discounts available Call: 800-477-1200.</description>
     <ror:updatePeriod></ror:updatePeriod>
     <ror:sortOrder>1</ror:sortOrder>
     <ror:resourceOf>sitemap</ror:resourceOf>
</item>
<item>
     <link>https://www.trustinsurance.com/Insurance-Programs/Professional-Liability</link>
     <title>
	Professional Liability Insurance for Psychologists | The Trust
</title>
     <description>Professional liability insurance coverage that keeps pace with new rules and emerging risks. With affordable rates and many discounts. Call: 800-477-1200.</description>
     <ror:updatePeriod></ror:updatePeriod>
     <ror:sortOrder>1</ror:sortOrder>
     <ror:resourceOf>sitemap</ror:resourceOf>
</item>
<item>
     <link>https://www.trustinsurance.com/Insurance-Programs/Student-Liability</link>
     <title>
	Professional Liability Insurance for Students in Psychology | The Trust
</title>
     <description>Professional Liability insurance that covers students throughout your career – including practicum, internship, or other direct psychology services. Call: 800-477-1200.</description>
     <ror:updatePeriod></ror:updatePeriod>
     <ror:sortOrder>1</ror:sortOrder>
     <ror:resourceOf>sitemap</ror:resourceOf>
</item>
<item>
     <link>https://www.trustinsurance.com/Insurance-Programs/Research-Academician-Liability</link>
     <title>
	Research &amp; Academician Liability Insurance | The Trust
</title>
     <description>Liability insurance designed to protect psychologists in research and academic settings, assures priority coverage and treatment. Call: 800-477-1200. The Trust.</description>
     <ror:updatePeriod></ror:updatePeriod>
     <ror:sortOrder>1</ror:sortOrder>
     <ror:resourceOf>sitemap</ror:resourceOf>
</item>
<item>
     <link>https://www.trustinsurance.com/Products-Services/Business-Office-Insurance</link>
     <title>
	Business Office Insurance | The Trust
</title>
     <description>Property insurance benefits tailored for your business – whether you lease office space, work from home, or own and operate buildings used for offices</description>
     <ror:updatePeriod></ror:updatePeriod>
     <ror:sortOrder>1</ror:sortOrder>
     <ror:resourceOf>sitemap</ror:resourceOf>
</item>
<item>
     <link>https://www.trustinsurance.com/Insurance-Programs/Cyber-Enterprise</link>
     <title>
	Cyber Enterprise Risk Management | The Trust
</title>
     <description>Cyber threats can occur at any time. Protect your practice with this affordable solution - Cyber Enterprise Risk Management.  Call: 800-477-1200.</description>
     <ror:updatePeriod></ror:updatePeriod>
     <ror:sortOrder>1</ror:sortOrder>
     <ror:resourceOf>sitemap</ror:resourceOf>
</item>
<item>
     <link>https://www.trustinsurance.com/Risk-Management/Advocate-800-Service</link>
     <title>
	Advocate 800 Program - Risk Management | The Trust
</title>
     <description>The Trust Advocate 800 Program helps reduce the risk of malpractice actions and disciplinary complaints, with consultations from licensed psychologists.</description>
     <ror:updatePeriod></ror:updatePeriod>
     <ror:sortOrder>1</ror:sortOrder>
     <ror:resourceOf>sitemap</ror:resourceOf>
</item>
<item>
     <link>https://www.trustinsurance.com/Resources/Articles</link>
     <title>
	Article Center | The Trust
</title>
     <description>Latest articles about the field of psychology, liability insurance, legal and risk management concerns, private practice, and Trust news.</description>
     <ror:updatePeriod></ror:updatePeriod>
     <ror:sortOrder>1</ror:sortOrder>
     <ror:resourceOf>sitemap</ror:resourceOf>
</item>
<item>
     <link>https://www.trustinsurance.com/Resource-Center/Video-Archive/Complying-with-Subpoenas-and-Court-Orders-While-Minimizing-Your-Risk</link>
     <title>
	Complying with Subpoenas and Court Orders While Minimizing Your Risk | TrustPARMA
</title>
     <description>The Trust provides professional liability insurance and financial security products for psychologists, with affordable rates and discounts. Call: 800-477-1200.</description>
     <ror:updatePeriod></ror:updatePeriod>
     <ror:sortOrder>1</ror:sortOrder>
     <ror:resourceOf>sitemap</ror:resourceOf>
</item>
<item>
     <link>https://www.trustinsurance.com/Contact</link>
     <title>
	Contact The Trust | The Trust
</title>
     <description>Contact The Trust to learn more about our professional liability insurance and financial security products for psychologists. Call: 800-477-1200.</description>
     <ror:updatePeriod></ror:updatePeriod>
     <ror:sortOrder>1</ror:sortOrder>
     <ror:resourceOf>sitemap</ror:resourceOf>
</item>
<item>
     <link>https://www.trustinsurance.com/Resources/Articles/guidance-for-practitioners-coronavirus-covid-19</link>
     <title>
	Guidance for Practitioners:  Coronavirus (COVID-19)
</title>
     <description>We have received a large volume of calls from our insureds about how to manage the risks the corona virus pandemic poses to patients and to themselves.   As risk managers, we are committed to supporting you in ethical, safe practice. We provide general risk guidance based on current knowledge and conditions. Of course, we are unable to provide medical advice. If you have specific questions about your individual situation, please feel free to schedule a call to speak with one of The Trust’s...</description>
     <ror:updatePeriod></ror:updatePeriod>
     <ror:sortOrder>1</ror:sortOrder>
     <ror:resourceOf>sitemap</ror:resourceOf>
</item>
<item>
     <link>https://www.trustinsurance.com/easy-to-switch</link>
     <title>
	Easy To Switch | The Trust
</title>
     <description>No gaps in coverage – You can transfer your past coverage to make certain there are no gaps when switching to The Trust’s policy.</description>
     <ror:updatePeriod></ror:updatePeriod>
     <ror:sortOrder>1</ror:sortOrder>
     <ror:resourceOf>sitemap</ror:resourceOf>
</item>
<item>
     <link>https://www.trustinsurance.com/Products-Services/Professional-Liability/Professional-Liability/Rates</link>
     <title>
	View Professional Liability Insurance Rates | The Trust
</title>
     <description>Learn more about the Trust&amp;#39;s professional liability insurance program rates. Inquire about potential premium discounts. Call: 800-477-1200.</description>
     <ror:updatePeriod></ror:updatePeriod>
     <ror:sortOrder>1</ror:sortOrder>
     <ror:resourceOf>sitemap</ror:resourceOf>
</item>
<item>
     <link>https://www.trustinsurance.com/Resources/Articles/statement-from-the-trust-board-of-trustees</link>
     <title>
	Article Center | The Trust
</title>
     <description>Latest articles about the field of psychology, liability insurance, legal and risk management concerns, private practice, and Trust news.</description>
     <ror:updatePeriod></ror:updatePeriod>
     <ror:sortOrder>1</ror:sortOrder>
     <ror:resourceOf>sitemap</ror:resourceOf>
</item>
<item>
     <link>https://www.trustinsurance.com/Products-Services/Professional-Liability/Professional-Liability/Discounts</link>
     <title>
	View Professional Liability Insurance Policy Discounts | The Trust
</title>
     <description>Learn more about the Trust&amp;#39;s professional liability insurance policy enhancements and discounts. Call: 800-477-1200.</description>
     <ror:updatePeriod></ror:updatePeriod>
     <ror:sortOrder>1</ror:sortOrder>
     <ror:resourceOf>sitemap</ror:resourceOf>
</item>
<item>
     <link>https://www.trustinsurance.com/Resources/Articles/welcome-to-the-trust-community</link>
     <title>
	Welcome to The Trust Community!
</title>
     <description>Dr. Eddy Ameen joins us as a Consultant to The Trust to lead a new mentoring program for Student and Early Career Psychologists (SECP) that will debut at the beginning of the new year. Dr. Ameen brings experience in developing and implementing many successful programs for SECPs. Welcome to The Trust Community!
Go here to learn more about Dr. Ameen.
Interested in being part of the new Trust mentoring program?

Go here to learn more about becoming a Mentee.

Go here to learn more about...</description>
     <ror:updatePeriod></ror:updatePeriod>
     <ror:sortOrder>1</ror:sortOrder>
     <ror:resourceOf>sitemap</ror:resourceOf>
</item>
<item>
     <link>https://www.trustinsurance.com/Resources/Articles/announcing-the-professional-psychology-consortium-working-together-to-support-professional-psychology</link>
     <title>
	Announcing the Professional Psychology Consortium: Working Together to Support Professional Psychology
</title>
     <description>Announcing the formation of an interorganizational consortium by the ASPPB, ABPP, The National Register, and The Trust dedicated to advancing the needs and interests of licensed psychologists and psychologists-in-training.</description>
     <ror:updatePeriod></ror:updatePeriod>
     <ror:sortOrder>1</ror:sortOrder>
     <ror:resourceOf>sitemap</ror:resourceOf>
</item>
<item>
     <link>https://www.trustinsurance.com/Resources/Articles/10-tips-to-stay-cyber-safe-when-youre-working-from-home</link>
     <title>
	10 Tips to Stay Cyber Safe When You’re Working from Home
</title>
     <description>In these unprecedented times, when many of our clients are working, studying, and entertaining their families from home – and relying on technology more than ever – Chubb is here to help keep you safe.
Cyber criminals know that, with more people online, there are more ways to take advantage of vulnerabilities and mistakes to gain access to protected and personal information. If you’re working virtually for a company or your kids are taking classes online, don’t count on the business or.</description>
     <ror:updatePeriod></ror:updatePeriod>
     <ror:sortOrder>1</ror:sortOrder>
     <ror:resourceOf>sitemap</ror:resourceOf>
</item>
<item>
     <link>https://www.trustinsurance.com/privacy-notice</link>
     <title>
	Privacy Notice | The Trust
</title>
     <description>The Trust provides professional liability insurance and financial security products for psychologists, with affordable rates and discounts. Call: 800-477-1200.</description>
     <ror:updatePeriod></ror:updatePeriod>
     <ror:sortOrder>1</ror:sortOrder>
     <ror:resourceOf>sitemap</ror:resourceOf>
</item>
<item>
     <link>https://www.trustinsurance.com/terms-conditions</link>
     <title>
	Terms and Conditions | The Trust
</title>
     <description>Please read the terms and conditions for use of The Trust’s website regarding use, content, and copyright.</description>
     <ror:updatePeriod></ror:updatePeriod>
     <ror:sortOrder>1</ror:sortOrder>
     <ror:resourceOf>sitemap</ror:resourceOf>
</item>
<item>
     <link>https://www.trustinsurance.com/sitemaps</link>
     <title>
	The Trust | Professional Liability Insurance for Psychologists > Sitemaps
</title>
     <description>The Trust provides professional liability insurance and financial security products for psychologists, with affordable rates and discounts. Call: 800-477-1200.</description>
     <ror:updatePeriod></ror:updatePeriod>
     <ror:sortOrder>1</ror:sortOrder>
     <ror:resourceOf>sitemap</ror:resourceOf>
</item>
<item>
     <link>https://www.trustinsurance.com/contact</link>
     <title>
	Contact The Trust | The Trust
</title>
     <description>Contact The Trust to learn more about our professional liability insurance and financial security products for psychologists. Call: 800-477-1200.</description>
     <ror:updatePeriod></ror:updatePeriod>
     <ror:sortOrder>2</ror:sortOrder>
     <ror:resourceOf>sitemap</ror:resourceOf>
</item>
<item>
     <link>https://www.trustinsurance.com/resources/articles/trust-statement-regarding-natural-disasters?ID=9&amp;tabid=168</link>
     <title>
	Article Center | The Trust
</title>
     <description>Latest articles about the field of psychology, liability insurance, legal and risk management concerns, private practice, and Trust news.</description>
     <ror:updatePeriod></ror:updatePeriod>
     <ror:sortOrder>2</ror:sortOrder>
     <ror:resourceOf>sitemap</ror:resourceOf>
</item>
<item>
     <link>https://www.trustinsurance.com/About/Trustees/Fred-Mill&#225;n</link>
     <title>
	Meet our Trustees | The Trust
</title>
     <description>The Trust provides professional liability insurance and financial security products for psychologists, with affordable rates and discounts. Call: 800-477-1200.</description>
     <ror:updatePeriod></ror:updatePeriod>
     <ror:sortOrder>2</ror:sortOrder>
     <ror:resourceOf>sitemap</ror:resourceOf>
</item>
<item>
     <link>https://www.trustinsurance.com/about/trustees</link>
     <title>
	Meet our Trustees | The Trust
</title>
     <description>The Trust provides professional liability insurance and financial security products for psychologists, with affordable rates and discounts. Call: 800-477-1200.</description>
     <ror:updatePeriod></ror:updatePeriod>
     <ror:sortOrder>2</ror:sortOrder>
     <ror:resourceOf>sitemap</ror:resourceOf>
</item>
<item>
     <link>https://www.trustinsurance.com/risk-management/advocate-800-service</link>
     <title>
	Advocate 800 Program - Risk Management | The Trust
</title>
     <description>The Trust Advocate 800 Program helps reduce the risk of malpractice actions and disciplinary complaints, with consultations from licensed psychologists.</description>
     <ror:updatePeriod></ror:updatePeriod>
     <ror:sortOrder>2</ror:sortOrder>
     <ror:resourceOf>sitemap</ror:resourceOf>
</item>
<item>
     <link>https://www.trustinsurance.com/products-services/professional-liability/professional-liability/detail</link>
     <title>
	Professional Liability Insurance Program Details | The Trust
</title>
     <description>Learn more about the Trust&amp;#39;s professional liability insurance program details. With affordable rates and premium discounts. Call: 800-477-1200.</description>
     <ror:updatePeriod></ror:updatePeriod>
     <ror:sortOrder>2</ror:sortOrder>
     <ror:resourceOf>sitemap</ror:resourceOf>
</item>
<item>
     <link>https://www.trustinsurance.com/Insurance-Programs/Professional-Liability/Substantial-Improvements-and-Coverage-Enhancements</link>
     <title>
	Improvements and Coverage Enhancements | The Trust
</title>
     <description>Learn more about the Trust&amp;#39;s professional liability insurance policy improvements and coverage enhancements. Call: 800-477-1200.</description>
     <ror:updatePeriod></ror:updatePeriod>
     <ror:sortOrder>2</ror:sortOrder>
     <ror:resourceOf>sitemap</ror:resourceOf>
</item>
<item>
     <link>https://www.trustinsurance.com/products-services/professional-liability/student-liability/discount</link>
     <title>
	View Student Liability Insurance Policy Discounts | The Trust
</title>
     <description>Learn more about the Trust&amp;#39;s student liability insurance policy enhancements and discounts. Call: 800-477-1200.</description>
     <ror:updatePeriod></ror:updatePeriod>
     <ror:sortOrder>2</ror:sortOrder>
     <ror:resourceOf>sitemap</ror:resourceOf>
</item>
<item>
     <link>https://www.trustinsurance.com/Get-A-Quote?zip=00000</link>
     <title>
	The Trust | Professional Liability Insurance for Psychologists > Get A Quote
</title>
     <description>The Trust provides professional liability insurance and financial security products for psychologists, with affordable rates and discounts. Call: 800-477-1200.</description>
     <ror:updatePeriod></ror:updatePeriod>
     <ror:sortOrder>2</ror:sortOrder>
     <ror:resourceOf>sitemap</ror:resourceOf>
</item>
<item>
     <link>https://www.trustinsurance.com/Products-Services/Professional-Liability/Download-Application</link>
     <title>
	Download Professional Liability Insurance Applications | The Trust
</title>
     <description>Download professional liability insurance policy application documents. Call: 800-477-1200. The Trust.</description>
     <ror:updatePeriod></ror:updatePeriod>
     <ror:sortOrder>2</ror:sortOrder>
     <ror:resourceOf>sitemap</ror:resourceOf>
</item>
<item>
     <link>https://www.trustinsurance.com/products-services/professional-liability/professional-liability/rates</link>
     <title>
	View Professional Liability Insurance Rates | The Trust
</title>
     <description>Learn more about the Trust&amp;#39;s professional liability insurance program rates. Inquire about potential premium discounts. Call: 800-477-1200.</description>
     <ror:updatePeriod></ror:updatePeriod>
     <ror:sortOrder>2</ror:sortOrder>
     <ror:resourceOf>sitemap</ror:resourceOf>
</item>
<item>
     <link>https://www.trustinsurance.com/Easy-To-Switch</link>
     <title>
	Easy To Switch | The Trust
</title>
     <description>No gaps in coverage – You can transfer your past coverage to make certain there are no gaps when switching to The Trust’s policy.</description>
     <ror:updatePeriod></ror:updatePeriod>
     <ror:sortOrder>2</ror:sortOrder>
     <ror:resourceOf>sitemap</ror:resourceOf>
</item>
<item>
     <link>https://www.trustinsurance.com/Products-Services/Professional-Liability/Professional-Liability/Detail</link>
     <title>
	Professional Liability Insurance Program Details | The Trust
</title>
     <description>Learn more about the Trust&amp;#39;s professional liability insurance program details. With affordable rates and premium discounts. Call: 800-477-1200.</description>
     <ror:updatePeriod></ror:updatePeriod>
     <ror:sortOrder>2</ror:sortOrder>
     <ror:resourceOf>sitemap</ror:resourceOf>
</item>
<item>
     <link>https://www.trustinsurance.com/About/FAQ/Liability-Programs/Professional-Liability/General-FAQ</link>
     <title>
	FAQ: Professional Liability - General FAQ | The Trust
</title>
     <description>The Trust provides professional liability insurance and financial security products for psychologists, with affordable rates and discounts. Call: 800-477-1200.</description>
     <ror:updatePeriod></ror:updatePeriod>
     <ror:sortOrder>2</ror:sortOrder>
     <ror:resourceOf>sitemap</ror:resourceOf>
</item>
<item>
     <link>https://www.trustinsurance.com/About/FAQ/Risk-Management/Claims-Licensing-Board-Complaints</link>
     <title>
	FAQ: Risk Management – Claims &amp; Licensing Board Complaints | The Trust
</title>
     <description>The Trust provides professional liability insurance and financial security products for psychologists, with affordable rates and discounts. Call: 800-477-1200.</description>
     <ror:updatePeriod></ror:updatePeriod>
     <ror:sortOrder>2</ror:sortOrder>
     <ror:resourceOf>sitemap</ror:resourceOf>
</item>
<item>
     <link>https://www.trustinsurance.com/products-services/business-office-insurance</link>
     <title>
	Business Office Insurance | The Trust
</title>
     <description>Property insurance benefits tailored for your business – whether you lease office space, work from home, or own and operate buildings used for offices</description>
     <ror:updatePeriod></ror:updatePeriod>
     <ror:sortOrder>2</ror:sortOrder>
     <ror:resourceOf>sitemap</ror:resourceOf>
</item>
<item>
     <link>https://www.trustinsurance.com/Insurance-Programs/Student-Liability/Student-Liability-for-Graduate-Students</link>
     <title>
	Student Liability for Graduate Students | The Trust
</title>
     <description>Liability insurance coverage for graduate students in various psychological settings. Many discounts plus free confidential consultations with the Advocate 800 program. Call: 800-477-1200.</description>
     <ror:updatePeriod></ror:updatePeriod>
     <ror:sortOrder>2</ror:sortOrder>
     <ror:resourceOf>sitemap</ror:resourceOf>
</item>
<item>
     <link>https://www.trustinsurance.com/Products-Services/Professional-Liability/Student-Liability/Discount?utm_content=05%2F28%2F15&amp;utm_campaign=SL%20-%20APA%20Members&amp;utm_source=GetResponse&amp;utm_medium=email</link>
     <title>
	View Student Liability Insurance Policy Discounts | The Trust
</title>
     <description>Learn more about the Trust&amp;#39;s student liability insurance policy enhancements and discounts. Call: 800-477-1200.</description>
     <ror:updatePeriod></ror:updatePeriod>
     <ror:sortOrder>2</ror:sortOrder>
     <ror:resourceOf>sitemap</ror:resourceOf>
</item>
<item>
     <link>https://www.trustinsurance.com/Insurance-Programs/Student-Liability/Professional-Liability-for-Pre-Licensure-Psychologists</link>
     <title>
	Professional Liability (Malpractice) Protection for Pre-Licensure Psychologists | The Trust
</title>
     <description>Liability insurance coverage for pre-licensure psychologists in training and in practice. With affordable rates and many discounts. Call: 800-477-1200.</description>
     <ror:updatePeriod></ror:updatePeriod>
     <ror:sortOrder>2</ror:sortOrder>
     <ror:resourceOf>sitemap</ror:resourceOf>
</item>
<item>
     <link>https://www.trustinsurance.com/Products-Services/Student-Liability/Download-Application</link>
     <title>
	Download Student Liability Insurance Applications | The Trust
</title>
     <description>Download student liability insurance policy application documents. Call: 800-477-1200. The Trust.</description>
     <ror:updatePeriod></ror:updatePeriod>
     <ror:sortOrder>2</ror:sortOrder>
     <ror:resourceOf>sitemap</ror:resourceOf>
</item>
<item>
     <link>https://www.trustinsurance.com/Insurance-Programs/Research-Academician-Liability/Download-Application</link>
     <title>
	The Trust | Professional Liability Insurance for Psychologists > Insurance Programs > Research &amp; Academician Liability > Download Application
</title>
     <description>The Trust provides professional liability insurance and financial security products for psychologists, with affordable rates and discounts. Call: 800-477-1200.</description>
     <ror:updatePeriod></ror:updatePeriod>
     <ror:sortOrder>2</ror:sortOrder>
     <ror:resourceOf>sitemap</ror:resourceOf>
</item>
<item>
     <link>https://www.trustinsurance.com/About/FAQ/Liability-Programs/Researcher-Academician-Liability</link>
     <title>
	FAQ: Researcher / Academician Liability – General Questions | The Trust
</title>
     <description>The Trust provides professional liability insurance and financial security products for psychologists, with affordable rates and discounts. Call: 800-477-1200.</description>
     <ror:updatePeriod></ror:updatePeriod>
     <ror:sortOrder>2</ror:sortOrder>
     <ror:resourceOf>sitemap</ror:resourceOf>
</item>
<item>
     <link>https://www.trustinsurance.com/about/vitae/Leisl-M-Bryant</link>
     <title>
	Leisl M. Bryant | The Trust
</title>
     <description>Dr. Bryant is a licensed New Hampshire and Massachusetts-based clinical and forensic psychologist, with board certification in Forensic Psychology by the American Board of Professional Psychology.  </description>
     <ror:updatePeriod></ror:updatePeriod>
     <ror:sortOrder>2</ror:sortOrder>
     <ror:resourceOf>sitemap</ror:resourceOf>
</item>
<item>
     <link>https://www.trustinsurance.com/about/vitae/julie-jacobs</link>
     <title>
	Julie Jacobs | The Trust
</title>
     <description>Julie Jacobs, Psy.D., J.D. is a licensed psychologist and attorney who practices in the area of mental health provider law.</description>
     <ror:updatePeriod></ror:updatePeriod>
     <ror:sortOrder>2</ror:sortOrder>
     <ror:resourceOf>sitemap</ror:resourceOf>
</item>
<item>
     <link>https://www.trustinsurance.com/About/Vitae/Marc-Martinez</link>
     <title>
	Marc Martinez | The Trust
</title>
     <description>The Trust provides professional liability insurance and financial security products for psychologists, with affordable rates and discounts. Call: 800-477-1200.</description>
     <ror:updatePeriod></ror:updatePeriod>
     <ror:sortOrder>2</ror:sortOrder>
     <ror:resourceOf>sitemap</ror:resourceOf>
</item>
<item>
     <link>https://www.trustinsurance.com/about/vitae/joe-scroppo</link>
     <title>
	Joe Scroppo | The Trust
</title>
     <description>Joe Scroppo, J.D., Ph.D. is a forensic psychologist, attorney, and Clinical Assistant Professor at the Hofstra University School of Medicine.</description>
     <ror:updatePeriod></ror:updatePeriod>
     <ror:sortOrder>2</ror:sortOrder>
     <ror:resourceOf>sitemap</ror:resourceOf>
</item>
<item>
     <link>https://www.trustinsurance.com/About/Vitae/David-Shapiro</link>
     <title>
	David Shapiro | The Trust
</title>
     <description>The Trust provides professional liability insurance and financial security products for psychologists, with affordable rates and discounts. Call: 800-477-1200.</description>
     <ror:updatePeriod></ror:updatePeriod>
     <ror:sortOrder>2</ror:sortOrder>
     <ror:resourceOf>sitemap</ror:resourceOf>
</item>
<item>
     <link>https://www.trustinsurance.com/about/vitae/daniel-o-taube</link>
     <title>
	Daniel O. Taube | The Trust
</title>
     <description>Daniel O. Taube, J.D., Ph.D. is a psychologist and Professor at the California School of Professional Psychology at Alliant International University.</description>
     <ror:updatePeriod></ror:updatePeriod>
     <ror:sortOrder>2</ror:sortOrder>
     <ror:resourceOf>sitemap</ror:resourceOf>
</item>
<item>
     <link>https://www.trustinsurance.com/Resources/Articles/rss/1118</link>
     <title></title>
     
     <ror:updatePeriod></ror:updatePeriod>
     <ror:sortOrder>2</ror:sortOrder>
     <ror:resourceOf>sitemap</ror:resourceOf>
</item>
<item>
     <link>https://www.trustinsurance.com/Resources/Articles/social-justice-statement-from-the-trust-board-of-trustees</link>
     <title>
	Social Justice Statement from The Trust Board of Trustees
</title>
     <description>The Trust Board recognizes and acknowledges members of our Board, staff, community and policy holders who have been impacted in personal ways by the recent spate of horrific murders of Black people, including Rayshard Brooks, George Floyd, Breonna Taylor, and Ahmaud Arbery and many others named and unnamed. These acts of racial violence, anti-Blackness, and institutional racism have a long history and are deeply embedded in our society and disproportionately impact communities of color.
The...</description>
     <ror:updatePeriod></ror:updatePeriod>
     <ror:sortOrder>2</ror:sortOrder>
     <ror:resourceOf>sitemap</ror:resourceOf>
</item>
<item>
     <link>https://www.trustinsurance.com/Resources/Articles/telementalhealth-important-considerations</link>
     <title>
	Telementalhealth: Important Considerations
</title>
     <description>Dr. Jana Martin, CEO of The Trust, joins Dr. Graham Taylor to address ethics and considerations around the medium of video conferencing and how that can affect your patients and practice. They look further into the recent explosion in telehealth and how it can allow practitioners to extend their services and provide patients greater access to treatment. The Trust has resources available to help ensure professionals are practicing safely:

   ...</description>
     <ror:updatePeriod></ror:updatePeriod>
     <ror:sortOrder>2</ror:sortOrder>
     <ror:resourceOf>sitemap</ror:resourceOf>
</item>
<item>
     <link>https://www.trustinsurance.com/Resources/Articles/american-hospital-associationamerican-society-for-health-care-risk-management-white-paper-series</link>
     <title>
	American Hospital Association/American Society for Health Care Risk Management White Paper Series
</title>
     <description>Kristen Lambert, JD, MSW, LICSW, CPHRM, FASHRM, Healthcare Practice and Risk Management Innovation Officer, recently co-authored the first of a three-part white paper series for the American Hospital Association (AHA) and American Society for Health Care Risk Management (ASHRM) entitled:  Behavioral Healthcare in the Ambulatory Care/Outpatient Setting.  This is a cutting edge series that focuses on behavioral health in various segments of healthcare.  This is a valuable resource for allied...</description>
     <ror:updatePeriod></ror:updatePeriod>
     <ror:sortOrder>2</ror:sortOrder>
     <ror:resourceOf>sitemap</ror:resourceOf>
</item>
<item>
     <link>https://www.trustinsurance.com/Resource-Center/Articles/ASHRM-Behavioral-Health-Care-in-the-Ambulatory-Care-Outpatient-Setting</link>
     <title>
	ASHRM Whitepaper | The Trust
</title>
     <description>The Trust provides professional liability insurance and financial security products for psychologists, with affordable rates and discounts. Call: 800-477-1200.</description>
     <ror:updatePeriod></ror:updatePeriod>
     <ror:sortOrder>2</ror:sortOrder>
     <ror:resourceOf>sitemap</ror:resourceOf>
</item>
<item>
     <link>https://www.trustinsurance.com/Resources/Articles/attn-policyholders-impacted-by-the-california-wildfires</link>
     <title>
	Attn: Policyholders Impacted by the California Wildfires
</title>
     <description>Our hearts go out to all California residents and especially our Trust policyholders. Along with the rest of the nation, we are closely monitoring the wildfires that are ravaging the state. Please know that if you are in areas impacted by the wildfires, we are relaxing our normal renewal protocols, and we will be lenient with non-payments and late renewals. In the meantime, you may continue to receive notices from us, but if you are in the impacted areas know that we will work with you to...</description>
     <ror:updatePeriod></ror:updatePeriod>
     <ror:sortOrder>2</ror:sortOrder>
     <ror:resourceOf>sitemap</ror:resourceOf>
</item>
<item>
     <link>https://www.trustinsurance.com/Resources/Articles/the-trust-now-accepts-american-express</link>
     <title>
	The Trust Now Accepts American Express
</title>
     <description>The Trust is excited to announce that we’re now accepting American Express for professional liability insurance premium payments in response to client requests. We recognize and understand that a lot of our policyholders are in private practice, and they like the rewards that some credit cards carry.
 With the roll-out complete, The Trust becomes the only professional liability insurance company to offer the convenient choice of all four major credit cards – Visa, Mastercard, Discover and..</description>
     <ror:updatePeriod></ror:updatePeriod>
     <ror:sortOrder>2</ror:sortOrder>
     <ror:resourceOf>sitemap</ror:resourceOf>
</item>
<item>
     <link>https://www.trustinsurance.com/Insurance-Programs/Professional-Liability/Rates/Claims-Made-Policy</link>
     <title>
	View Claims-Made Policy Rates | The Trust
</title>
     <description>Learn more about the Trust&amp;#39;s professional liability insurance claims-made policy rates. Inquire about potential premium discounts. Call: 800-477-1200.</description>
     <ror:updatePeriod></ror:updatePeriod>
     <ror:sortOrder>2</ror:sortOrder>
     <ror:resourceOf>sitemap</ror:resourceOf>
</item>
<item>
     <link>https://www.trustinsurance.com/Insurance-Programs/Professional-Liability/Rates/Occurrence-Policy</link>
     <title>
	View Occurrence Policy Rates | The Trust
</title>
     <description>Learn more about the Trust&amp;#39;s professional liability insurance occurrence rates. Inquire about potential premium discounts. Call: 800-477-1200.</description>
     <ror:updatePeriod></ror:updatePeriod>
     <ror:sortOrder>2</ror:sortOrder>
     <ror:resourceOf>sitemap</ror:resourceOf>
</item>
<item>
     <link>https://www.trustinsurance.com/Resources/Articles/www.chubb.com/online-you-protected</link>
     <title>
	Article Center | The Trust
</title>
     <description>Latest articles about the field of psychology, liability insurance, legal and risk management concerns, private practice, and Trust news.</description>
     <ror:updatePeriod></ror:updatePeriod>
     <ror:sortOrder>2</ror:sortOrder>
     <ror:resourceOf>sitemap</ror:resourceOf>
</item>
<item>
     <link>https://www.trustinsurance.com/Privacy-Notice</link>
     <title>
	Privacy Notice | The Trust
</title>
     <description>The Trust provides professional liability insurance and financial security products for psychologists, with affordable rates and discounts. Call: 800-477-1200.</description>
     <ror:updatePeriod></ror:updatePeriod>
     <ror:sortOrder>2</ror:sortOrder>
     <ror:resourceOf>sitemap</ror:resourceOf>
</item>
<item>
     <link>https://www.trustinsurance.com/Terms-Conditions</link>
     <title>
	Terms and Conditions | The Trust
</title>
     <description>Please read the terms and conditions for use of The Trust’s website regarding use, content, and copyright.</description>
     <ror:updatePeriod></ror:updatePeriod>
     <ror:sortOrder>2</ror:sortOrder>
     <ror:resourceOf>sitemap</ror:resourceOf>
</item>
<item>
     <link>https://www.trustinsurance.com/Sitemaps</link>
     <title>
	The Trust | Professional Liability Insurance for Psychologists > Sitemaps
</title>
     <description>The Trust provides professional liability insurance and financial security products for psychologists, with affordable rates and discounts. Call: 800-477-1200.</description>
     <ror:updatePeriod></ror:updatePeriod>
     <ror:sortOrder>2</ror:sortOrder>
     <ror:resourceOf>sitemap</ror:resourceOf>
</item>
<item>
     <link>https://www.trustinsurance.com/About/TrustPARMA/Risk-ManagementFAQ</link>
     <title>
	FAQ - TrustPARMA  | The Trust
</title>
     <description>The Trust provides professional liability insurance and financial security products for psychologists, with affordable rates and discounts. Call: 800-477-1200.</description>
     <ror:updatePeriod></ror:updatePeriod>
     <ror:sortOrder>2</ror:sortOrder>
     <ror:resourceOf>sitemap</ror:resourceOf>
</item>
<item>
     <link>https://www.trustinsurance.com/About/TrustPARMA/Risk-ManagementFAQ/Risk-Management-Social-Media</link>
     <title>
	Risk Management:  Social Media | TrustPARMA 
</title>
     <description>The Trust provides professional liability insurance and financial security products for psychologists, with affordable rates and discounts. Call: 800-477-1200.</description>
     <ror:updatePeriod></ror:updatePeriod>
     <ror:sortOrder>2</ror:sortOrder>
     <ror:resourceOf>sitemap</ror:resourceOf>
</item>
<item>
     <link>https://www.trustinsurance.com/About/TrustPARMA/Risk-ManagementFAQ/Risk-Management-Client-Termination</link>
     <title>
	Risk Management:  Client Termination | TrustPARMA
</title>
     <description>The Trust provides professional liability insurance and financial security products for psychologists, with affordable rates and discounts. Call: 800-477-1200.</description>
     <ror:updatePeriod></ror:updatePeriod>
     <ror:sortOrder>2</ror:sortOrder>
     <ror:resourceOf>sitemap</ror:resourceOf>
</item>
<item>
     <link>https://www.trustinsurance.com/About/TrustPARMA/Risk-ManagementFAQ/Risk-Management-Record-Keeping</link>
     <title>
	Risk Management:  Record Keeping | TrustPARMA
</title>
     <description>The Trust provides professional liability insurance and financial security products for psychologists, with affordable rates and discounts. Call: 800-477-1200.</description>
     <ror:updatePeriod></ror:updatePeriod>
     <ror:sortOrder>2</ror:sortOrder>
     <ror:resourceOf>sitemap</ror:resourceOf>
</item>
<item>
     <link>https://www.trustinsurance.com/About/TrustPARMA/Risk-ManagementFAQ/Risk-Management-Animals-and-Therapy</link>
     <title>
	Risk Management:  Animals and Therapy | TrustPARMA
</title>
     <description>The Trust provides professional liability insurance and financial security products for psychologists, with affordable rates and discounts. Call: 800-477-1200.</description>
     <ror:updatePeriod></ror:updatePeriod>
     <ror:sortOrder>2</ror:sortOrder>
     <ror:resourceOf>sitemap</ror:resourceOf>
</item>
<item>
     <link>https://www.trustinsurance.com/About/TrustPARMA/Risk-ManagementFAQ/Continuing-Professional-Development-CPD-Plans</link>
     <title>
	Continuing Professional Development (CPD) Plans | TrustPARMA
</title>
     <description>The Trust provides professional liability insurance and financial security products for psychologists, with affordable rates and discounts. Call: 800-477-1200.</description>
     <ror:updatePeriod></ror:updatePeriod>
     <ror:sortOrder>2</ror:sortOrder>
     <ror:resourceOf>sitemap</ror:resourceOf>
</item>
<item>
     <link>https://www.trustinsurance.com/About/Vitae</link>
     <title>
	The Trust | Professional Liability Insurance for Psychologists > About > Vitae
</title>
     <description>The Trust provides professional liability insurance and financial security products for psychologists, with affordable rates and discounts. Call: 800-477-1200.</description>
     <ror:updatePeriod></ror:updatePeriod>
     <ror:sortOrder>2</ror:sortOrder>
     <ror:resourceOf>sitemap</ror:resourceOf>
</item>
<item>
     <link>https://www.trustinsurance.com/About/Vitae/Eric-A-Harris</link>
     <title>
	Eric A. Harris | The Trust
</title>
     <description>Eric A. Harris, Ed.D., J.D. is a Trust presenter, psychologist, and attorney who has lectured and written extensively on risk management, legal issues, etc.</description>
     <ror:updatePeriod></ror:updatePeriod>
     <ror:sortOrder>2</ror:sortOrder>
     <ror:resourceOf>sitemap</ror:resourceOf>
</item>
<item>
     <link>https://www.trustinsurance.com/About/Vitae/Joe-Scroppo</link>
     <title>
	Joe Scroppo | The Trust
</title>
     <description>Joe Scroppo, J.D., Ph.D. is a forensic psychologist, attorney, and Clinical Assistant Professor at the Hofstra University School of Medicine.</description>
     <ror:updatePeriod></ror:updatePeriod>
     <ror:sortOrder>2</ror:sortOrder>
     <ror:resourceOf>sitemap</ror:resourceOf>
</item>
<item>
     <link>https://www.trustinsurance.com/About/Vitae/Daniel-O-Taube</link>
     <title>
	Daniel O. Taube | The Trust
</title>
     <description>Daniel O. Taube, J.D., Ph.D. is a psychologist and Professor at the California School of Professional Psychology at Alliant International University.</description>
     <ror:updatePeriod></ror:updatePeriod>
     <ror:sortOrder>2</ror:sortOrder>
     <ror:resourceOf>sitemap</ror:resourceOf>
</item>
<item>
     <link>https://www.trustinsurance.com/About/Vitae/Michael-Ritz</link>
     <title>
	Michael Ritz | The Trust
</title>
     <description>Michael Ritz, Ph.D. is a Trust presenter, retired psychologist, and active member of the California and American Psychological Associations.</description>
     <ror:updatePeriod></ror:updatePeriod>
     <ror:sortOrder>2</ror:sortOrder>
     <ror:resourceOf>sitemap</ror:resourceOf>
</item>
<item>
     <link>https://www.trustinsurance.com/About/Vitae/Steven-A-Sobelman</link>
     <title>
	Steven A. Sobelman | The Trust
</title>
     <description>Steven A. Sobelman, Ph.D. is a Trust presenter and has a private clinical psychotherapy practice in Towson, MD. </description>
     <ror:updatePeriod></ror:updatePeriod>
     <ror:sortOrder>2</ror:sortOrder>
     <ror:resourceOf>sitemap</ror:resourceOf>
</item>
<item>
     <link>https://www.trustinsurance.com/About/Vitae/Amanda-D-Zelechoski</link>
     <title>
	Amanda D. Zelechoski | The Trust
</title>
     <description>Amanda D. Zelechoski, J.D., Ph.D., ABPP is a licensed clinical and forensic psychologist, attorney, and Assistant Professor at Valparaiso University. </description>
     <ror:updatePeriod></ror:updatePeriod>
     <ror:sortOrder>2</ror:sortOrder>
     <ror:resourceOf>sitemap</ror:resourceOf>
</item>
<item>
     <link>https://www.trustinsurance.com/About/Vitae/William-Marty-Martin</link>
     <title>
	William “Marty” Martin | The Trust
</title>
     <description>William “Marty” Martin, MA, MS, Psy.D., CHES is a Trust webinar presenter and frequent public speaker on psychology and other health-related topics. </description>
     <ror:updatePeriod></ror:updatePeriod>
     <ror:sortOrder>2</ror:sortOrder>
     <ror:resourceOf>sitemap</ror:resourceOf>
</item>
<item>
     <link>https://www.trustinsurance.com/About/Vitae/Carol-Falender</link>
     <title>
	Carol Falender | The Trust
</title>
     <description>Carol Falender, Ph.D. is a psychologist, author, and professor at Pepperdine University and UCLA specializing in ethics and clinical supervision. </description>
     <ror:updatePeriod></ror:updatePeriod>
     <ror:sortOrder>2</ror:sortOrder>
     <ror:resourceOf>sitemap</ror:resourceOf>
</item>
<item>
     <link>https://www.trustinsurance.com/About/Vitae/Edward-Shafranske</link>
     <title>
	Edward Shafranske | The Trust
</title>
     <description>Edward Shafranske, Ph.D., ABPP is a licensed psychologist, author, and Professor Psychology and Director of the Psy.D. Program at Pepperdine University. </description>
     <ror:updatePeriod></ror:updatePeriod>
     <ror:sortOrder>2</ror:sortOrder>
     <ror:resourceOf>sitemap</ror:resourceOf>
</item>
<item>
     <link>https://www.trustinsurance.com/About/Vitae/Alex-Siegel</link>
     <title>
	Alex Siegel | The Trust
</title>
     <description>Alex M. Siegel, J.D., Ph.D. is an attorney and psychologist who specializes in regulatory and licensure issues in professional practice of psychology. </description>
     <ror:updatePeriod></ror:updatePeriod>
     <ror:sortOrder>2</ror:sortOrder>
     <ror:resourceOf>sitemap</ror:resourceOf>
</item>
<item>
     <link>https://www.trustinsurance.com/About/Vitae/Deborah-C-Baker</link>
     <title>
	Deborah C. Baker | The Trust
</title>
     <description>Deborah C. Baker, J.D. is the Director of Legal and Regulatory Policy in the Office of Legal and Regulatory Affairs of the APA’s Practice Directorate.</description>
     <ror:updatePeriod></ror:updatePeriod>
     <ror:sortOrder>2</ror:sortOrder>
     <ror:resourceOf>sitemap</ror:resourceOf>
</item>
<item>
     <link>https://www.trustinsurance.com/About/Vitae/Julie-Jacobs</link>
     <title>
	Julie Jacobs | The Trust
</title>
     <description>Julie Jacobs, Psy.D., J.D. is a licensed psychologist and attorney who practices in the area of mental health provider law.</description>
     <ror:updatePeriod></ror:updatePeriod>
     <ror:sortOrder>2</ror:sortOrder>
     <ror:resourceOf>sitemap</ror:resourceOf>
</item>
<item>
     <link>https://www.trustinsurance.com/About/Vitae/Jeffrey-N-Younggren</link>
     <title>
	Jeffrey N. Younggren | The Trust
</title>
     <description>Jeffrey N. Younggren, Ph.D., J.D., ABPP is an APA Fellow, Professor at UCLA, and clinical and forensic psychologist who practices in California. </description>
     <ror:updatePeriod></ror:updatePeriod>
     <ror:sortOrder>2</ror:sortOrder>
     <ror:resourceOf>sitemap</ror:resourceOf>
</item>
<item>
     <link>https://www.trustinsurance.com/About/Vitae/Patrick-Miles</link>
     <title>
	Patrick Miles, Ph.D. | The Trust
</title>
     <description>The Trust provides professional liability insurance and financial security products for psychologists, with affordable rates and discounts. Call: 800-477-1200.</description>
     <ror:updatePeriod></ror:updatePeriod>
     <ror:sortOrder>2</ror:sortOrder>
     <ror:resourceOf>sitemap</ror:resourceOf>
</item>
<item>
     <link>https://www.trustinsurance.com/About/Vitae/Leisl-M-Bryant</link>
     <title>
	Leisl M. Bryant | The Trust
</title>
     <description>Dr. Bryant is a licensed New Hampshire and Massachusetts-based clinical and forensic psychologist, with board certification in Forensic Psychology by the American Board of Professional Psychology.  </description>
     <ror:updatePeriod></ror:updatePeriod>
     <ror:sortOrder>2</ror:sortOrder>
     <ror:resourceOf>sitemap</ror:resourceOf>
</item>
<item>
     <link>https://www.trustinsurance.com/About/State-Endorsements/Alabama</link>
     <title>
	Alabama Psychological Association | The Trust
</title>
     <description>The Trust provides professional liability insurance and financial security products for psychologists, with affordable rates and discounts. Call: 800-477-1200.</description>
     <ror:updatePeriod></ror:updatePeriod>
     <ror:sortOrder>2</ror:sortOrder>
     <ror:resourceOf>sitemap</ror:resourceOf>
</item>
<item>
     <link>https://www.trustinsurance.com/About/State-Endorsements/Alaska</link>
     <title>
	Alaska Psychological Association | The Trust
</title>
     <description>The Trust provides professional liability insurance and financial security products for psychologists, with affordable rates and discounts. Call: 800-477-1200.</description>
     <ror:updatePeriod></ror:updatePeriod>
     <ror:sortOrder>2</ror:sortOrder>
     <ror:resourceOf>sitemap</ror:resourceOf>
</item>
<item>
     <link>https://www.trustinsurance.com/About/FAQ/About-the-Trust</link>
     <title>
	FAQ: About The Trust | The Trust
</title>
     <description>The Trust provides professional liability insurance and financial security products for psychologists, with affordable rates and discounts. Call: 800-477-1200.</description>
     <ror:updatePeriod></ror:updatePeriod>
     <ror:sortOrder>2</ror:sortOrder>
     <ror:resourceOf>sitemap</ror:resourceOf>
</item>
<item>
     <link>https://www.trustinsurance.com/About/FAQ/Liability-Programs/Professional-Liability/Group-Coverage-Vicarious-Liability</link>
     <title>
	FAQ: Professional Liability - Group Coverage &amp; Vicarious Liability | The Trust
</title>
     <description>The Trust provides professional liability insurance and financial security products for psychologists, with affordable rates and discounts. Call: 800-477-1200.</description>
     <ror:updatePeriod></ror:updatePeriod>
     <ror:sortOrder>2</ror:sortOrder>
     <ror:resourceOf>sitemap</ror:resourceOf>
</item>
<item>
     <link>https://www.trustinsurance.com/About/FAQ/Liability-Programs/Professional-Liability/Premises-Liability</link>
     <title>
	FAQ: Professional Liability - Premises Liability | The Trust
</title>
     <description>The Trust provides professional liability insurance and financial security products for psychologists, with affordable rates and discounts. Call: 800-477-1200.</description>
     <ror:updatePeriod></ror:updatePeriod>
     <ror:sortOrder>2</ror:sortOrder>
     <ror:resourceOf>sitemap</ror:resourceOf>
</item>
<item>
     <link>https://www.trustinsurance.com/About/FAQ/Liability-Programs/Professional-Liability/Discounts-and-Payment-Options</link>
     <title>
	FAQ: Professional Liability – Discounts and Payment Options | The Trust
</title>
     <description>The Trust provides professional liability insurance and financial security products for psychologists, with affordable rates and discounts. Call: 800-477-1200.</description>
     <ror:updatePeriod></ror:updatePeriod>
     <ror:sortOrder>2</ror:sortOrder>
     <ror:resourceOf>sitemap</ror:resourceOf>
</item>
<item>
     <link>https://www.trustinsurance.com/About/FAQ/Liability-Programs/Professional-Liability/Claims-Made-vs-Occurrence</link>
     <title>
	FAQ: Professional Liability - Claims-Made vs. Occurrence | The Trust
</title>
     <description>The Trust provides professional liability insurance and financial security products for psychologists, with affordable rates and discounts. Call: 800-477-1200.</description>
     <ror:updatePeriod></ror:updatePeriod>
     <ror:sortOrder>2</ror:sortOrder>
     <ror:resourceOf>sitemap</ror:resourceOf>
</item>
<item>
     <link>https://www.trustinsurance.com/About/FAQ/Liability-Programs/Student-Liability</link>
     <title>
	FAQ: Student Liability – General Questions | The Trust
</title>
     <description>The Trust provides professional liability insurance and financial security products for psychologists, with affordable rates and discounts. Call: 800-477-1200.</description>
     <ror:updatePeriod></ror:updatePeriod>
     <ror:sortOrder>2</ror:sortOrder>
     <ror:resourceOf>sitemap</ror:resourceOf>
</item>
<item>
     <link>https://www.trustinsurance.com/About/FAQ/Group-Insurance-Programs/Term-Life</link>
     <title>
	FAQ: Group Insurance Programs – Term Life | The Trust
</title>
     <description>The Trust provides professional liability insurance and financial security products for psychologists, with affordable rates and discounts. Call: 800-477-1200.</description>
     <ror:updatePeriod></ror:updatePeriod>
     <ror:sortOrder>2</ror:sortOrder>
     <ror:resourceOf>sitemap</ror:resourceOf>
</item>
<item>
     <link>https://www.trustinsurance.com/About/FAQ/Group-Insurance-Programs/Income-Protection</link>
     <title>
	FAQ: Group Insurance Programs – Income Protection | The Trust
</title>
     <description>The Trust provides professional liability insurance and financial security products for psychologists, with affordable rates and discounts. Call: 800-477-1200.</description>
     <ror:updatePeriod></ror:updatePeriod>
     <ror:sortOrder>2</ror:sortOrder>
     <ror:resourceOf>sitemap</ror:resourceOf>
</item>
<item>
     <link>https://www.trustinsurance.com/About/FAQ/Group-Insurance-Programs/Office-Overhead</link>
     <title>
	FAQ: Group Insurance Programs – Office Overhead | The Trust
</title>
     <description>The Trust provides professional liability insurance and financial security products for psychologists, with affordable rates and discounts. Call: 800-477-1200.</description>
     <ror:updatePeriod></ror:updatePeriod>
     <ror:sortOrder>2</ror:sortOrder>
     <ror:resourceOf>sitemap</ror:resourceOf>
</item>
<item>
     <link>https://www.trustinsurance.com/FAQ/Group-Insurance-Programs/Long-Term-Care</link>
     <title>
	FAQ: Group Insurance Programs – Long Term Care | The Trust
</title>
     <description>The Trust provides professional liability insurance and financial security products for psychologists, with affordable rates and discounts. Call: 800-477-1200.</description>
     <ror:updatePeriod></ror:updatePeriod>
     <ror:sortOrder>2</ror:sortOrder>
     <ror:resourceOf>sitemap</ror:resourceOf>
</item>
<item>
     <link>https://www.trustinsurance.com/About/FAQ/Customer-Service/Application-Process</link>
     <title>
	FAQ: Customer Service – Application Process | The Trust
</title>
     <description>The Trust provides professional liability insurance and financial security products for psychologists, with affordable rates and discounts. Call: 800-477-1200.</description>
     <ror:updatePeriod></ror:updatePeriod>
     <ror:sortOrder>2</ror:sortOrder>
     <ror:resourceOf>sitemap</ror:resourceOf>
</item>
<item>
     <link>https://www.trustinsurance.com/About/FAQ/Helpful-Resources/Case-Review</link>
     <title>
	FAQ: Helpful Resources – Case Review | The Trust
</title>
     <description>The Trust provides professional liability insurance and financial security products for psychologists, with affordable rates and discounts. Call: 800-477-1200.</description>
     <ror:updatePeriod></ror:updatePeriod>
     <ror:sortOrder>2</ror:sortOrder>
     <ror:resourceOf>sitemap</ror:resourceOf>
</item>
<item>
     <link>https://www.trustinsurance.com/About/FAQ/Helpful-Resources/Hold-Harmless</link>
     <title>
	FAQ: Helpful Resources – Hold Harmless | The Trust
</title>
     <description>The Trust provides professional liability insurance and financial security products for psychologists, with affordable rates and discounts. Call: 800-477-1200.</description>
     <ror:updatePeriod></ror:updatePeriod>
     <ror:sortOrder>2</ror:sortOrder>
     <ror:resourceOf>sitemap</ror:resourceOf>
</item>
<item>
     <link>https://www.trustinsurance.com/About/FAQ/Helpful-Resources/HIPAA-for-Psychologists</link>
     <title>
	FAQ: Helpful Resources – HIPAA for Psychologists | The Trust
</title>
     <description>The Trust provides professional liability insurance and financial security products for psychologists, with affordable rates and discounts. Call: 800-477-1200.</description>
     <ror:updatePeriod></ror:updatePeriod>
     <ror:sortOrder>2</ror:sortOrder>
     <ror:resourceOf>sitemap</ror:resourceOf>
</item>
<item>
     <link>https://www.trustinsurance.com/About/FAQ/Helpful-Resources/Business-Associate-Agreement</link>
     <title>
	Business Associate Agreement
</title>
     <description>The Trust provides professional liability insurance and financial security products for psychologists, with affordable rates and discounts. Call: 800-477-1200.</description>
     <ror:updatePeriod></ror:updatePeriod>
     <ror:sortOrder>2</ror:sortOrder>
     <ror:resourceOf>sitemap</ror:resourceOf>
</item>
<item>
     <link>https://www.trustinsurance.com/About/FAQ/Risk-Management/Continuing-Education</link>
     <title>
	FAQ: Risk Management – Continuing Education | The Trust
</title>
     <description>The Trust provides professional liability insurance and financial security products for psychologists, with affordable rates and discounts. Call: 800-477-1200.</description>
     <ror:updatePeriod></ror:updatePeriod>
     <ror:sortOrder>2</ror:sortOrder>
     <ror:resourceOf>sitemap</ror:resourceOf>
</item>
<item>
     <link>https://www.trustinsurance.com/About/FAQ/Risk-Management/Advocate-800-Program</link>
     <title>
	FAQ: Risk Management – Advocate 800 Program | The Trust
</title>
     <description>The Trust provides professional liability insurance and financial security products for psychologists, with affordable rates and discounts. Call: 800-477-1200.</description>
     <ror:updatePeriod></ror:updatePeriod>
     <ror:sortOrder>2</ror:sortOrder>
     <ror:resourceOf>sitemap</ror:resourceOf>
</item>
<item>
     <link>https://www.trustinsurance.com/Products-Services/Professional-Liability/Student-Liability/Discount</link>
     <title>
	View Student Liability Insurance Policy Discounts | The Trust
</title>
     <description>Learn more about the Trust&amp;#39;s student liability insurance policy enhancements and discounts. Call: 800-477-1200.</description>
     <ror:updatePeriod></ror:updatePeriod>
     <ror:sortOrder>2</ror:sortOrder>
     <ror:resourceOf>sitemap</ror:resourceOf>
</item>
<item>
     <link>https://www.trustinsurance.com/Products-Services/Income-Protection/Detail</link>
     <title>
	Income Protection (Disability) Insurance Program Details | The Trust
</title>
     <description>Learn more about the Trust&amp;#39;s Income Protection (Disability) Insurance program details. With affordable rates and premium discounts. Call: 800-477-1200</description>
     <ror:updatePeriod></ror:updatePeriod>
     <ror:sortOrder>2</ror:sortOrder>
     <ror:resourceOf>sitemap</ror:resourceOf>
</item>
<item>
     <link>https://www.trustinsurance.com/Insurance-Programs/Income-Protection-Disability/Economizer-65-Plan</link>
     <title>
	Economizer-65 Plan | The Trust
</title>
     <description>Affordable Income Protection Plan offering disability benefits for your entire working career. Get a free quote online or call 1-800-477-1200. </description>
     <ror:updatePeriod></ror:updatePeriod>
     <ror:sortOrder>2</ror:sortOrder>
     <ror:resourceOf>sitemap</ror:resourceOf>
</item>
<item>
     <link>https://www.trustinsurance.com/Insurance-Programs/Income-Protection-Disability/LifeStyle-65-Plus</link>
     <title>
	LifeStyle-65 Plus | The Trust
</title>
     <description>Income Protection Plan offering disability benefits at a higher rate with the added ability to contribute to a retirement or savings plan. </description>
     <ror:updatePeriod></ror:updatePeriod>
     <ror:sortOrder>2</ror:sortOrder>
     <ror:resourceOf>sitemap</ror:resourceOf>
</item>
<item>
     <link>https://www.trustinsurance.com/Insurance-Programs/Income-Protection-Disability/LifeStyle-65-Plan</link>
     <title>
	LifeStyle-65 Plan | The Trust
</title>
     <description>Income Protection Plan that provides disability benefits for your entire working career. Get more information and a quote online or call 1-800-477-1200. </description>
     <ror:updatePeriod></ror:updatePeriod>
     <ror:sortOrder>2</ror:sortOrder>
     <ror:resourceOf>sitemap</ror:resourceOf>
</item>
<item>
     <link>https://www.trustinsurance.com/Insurance-Programs/Income-Protection-Disability/LifeStyle-5-Plan</link>
     <title>
	LifeStyle-5 Plan | The Trust
</title>
     <description>Income Protection Plan that provides disability benefits for five years through Liberty Mutual. Get a free quote online or call 1-800-477-1200.</description>
     <ror:updatePeriod></ror:updatePeriod>
     <ror:sortOrder>2</ror:sortOrder>
     <ror:resourceOf>sitemap</ror:resourceOf>
</item>
<item>
     <link>https://www.trustinsurance.com/Products-Services/Group-Term-Life/Detail</link>
     <title>
	Group Term Life Insurance Program Details | The Trust
</title>
     <description>Learn more about the Trust&amp;#39;s Group Term Life insurance program details. Affordable rates and premium discounts may be available. Call: 800-477-1200.</description>
     <ror:updatePeriod></ror:updatePeriod>
     <ror:sortOrder>2</ror:sortOrder>
     <ror:resourceOf>sitemap</ror:resourceOf>
</item>
<item>
     <link>https://www.trustinsurance.com/Products-Services/Group-Term-Life/Worksheet</link>
     <title>
	Group Term Life Insurance Program Worksheet | The Trust
</title>
     <description>Find the right Trust Group Term Life insurance program. Inquire about our affordable rates and available premium discounts. Call: 800-477-1200</description>
     <ror:updatePeriod></ror:updatePeriod>
     <ror:sortOrder>2</ror:sortOrder>
     <ror:resourceOf>sitemap</ror:resourceOf>
</item>
<item>
     <link>https://www.trustinsurance.com/Insurance-Programs/Office-Overhead/Detail</link>
     <title>
	Office Overhead Insurance Program Details | The Trust
</title>
     <description>Learn more about the Trust&amp;#39;s Office Overhead Insurance program details. With affordable rates and premium discounts. Call: 800-477-1200.</description>
     <ror:updatePeriod></ror:updatePeriod>
     <ror:sortOrder>2</ror:sortOrder>
     <ror:resourceOf>sitemap</ror:resourceOf>
</item>
<item>
     <link>https://www.trustinsurance.com/Risk-Management/My-CE-Exams/Grievance-Policy</link>
     <title>
	The Trust | Professional Liability Insurance for Psychologists > Risk Management > My CE Exams > Grievance Policy
</title>
     <description>The Trust is committed to conducting all activities in line with the APA’s ethical principles and offers the opportunity to file a grievance. </description>
     <ror:updatePeriod></ror:updatePeriod>
     <ror:sortOrder>2</ror:sortOrder>
     <ror:resourceOf>sitemap</ror:resourceOf>
</item>
<item>
     <link>https://www.trustinsurance.com/Resource-Center/Document-Library/Electronic-Health-Record-Templates</link>
     <title>
	Electronic Health Record Templates | The Trust
</title>
     <description>The Trust provides professional liability insurance and financial security products for psychologists, with affordable rates and discounts. Call: 800-477-1200.</description>
     <ror:updatePeriod></ror:updatePeriod>
     <ror:sortOrder>2</ror:sortOrder>
     <ror:resourceOf>sitemap</ror:resourceOf>
</item>
<item>
     <link>https://www.trustinsurance.com/Resource-Center/Galleries</link>
     <title>
	The Trust | Professional Liability Insurance for Psychologists > Resource Center > Galleries
</title>
     <description>The Trust provides professional liability insurance and financial security products for psychologists, with affordable rates and discounts. Call: 800-477-1200.</description>
     <ror:updatePeriod></ror:updatePeriod>
     <ror:sortOrder>2</ror:sortOrder>
     <ror:resourceOf>sitemap</ror:resourceOf>
</item>
<item>
     <link>https://www.trustinsurance.com/Resource-Center/Galleries/National-Practice-2019</link>
     <title>
	The Trust | Professional Liability Insurance for Psychologists > Resource Center > Galleries > National Practice 2019
</title>
     <description>The Trust provides professional liability insurance and financial security products for psychologists, with affordable rates and discounts. Call: 800-477-1200.</description>
     <ror:updatePeriod></ror:updatePeriod>
     <ror:sortOrder>2</ror:sortOrder>
     <ror:resourceOf>sitemap</ror:resourceOf>
</item>
<item>
     <link>https://www.trustinsurance.com/Login?returnurl=%2fRegister</link>
     <title>
	User Log In
</title>
     <description>The Trust provides professional liability insurance and financial security products for psychologists, with affordable rates and discounts. Call: 800-477-1200.</description>
     <ror:updatePeriod></ror:updatePeriod>
     <ror:sortOrder>2</ror:sortOrder>
     <ror:resourceOf>sitemap</ror:resourceOf>
</item>
<item>
     <link>https://www.trustinsurance.com/Blog</link>
     <title>
	The Trust | Professional Liability Insurance for Psychologists > Blog
</title>
     <description>The Trust provides professional liability insurance and financial security products for psychologists, with affordable rates and discounts. Call: 800-477-1200.</description>
     <ror:updatePeriod></ror:updatePeriod>
     <ror:sortOrder>2</ror:sortOrder>
     <ror:resourceOf>sitemap</ror:resourceOf>
</item>
<item>
     <link>https://www.trustinsurance.com/request-information/internal</link>
     <title>
	The Trust | Professional Liability Insurance for Psychologists > Request Information > Internal
</title>
     <description>The Trust provides professional liability insurance and financial security products for psychologists, with affordable rates and discounts. Call: 800-477-1200.</description>
     <ror:updatePeriod></ror:updatePeriod>
     <ror:sortOrder>2</ror:sortOrder>
     <ror:resourceOf>sitemap</ror:resourceOf>
</item>
<item>
     <link>https://www.trustinsurance.com/Account-Login</link>
     <title>
	The Trust | Professional Liability Insurance for Psychologists > Account Login
</title>
     <description>The Trust provides professional liability insurance and financial security products for psychologists, with affordable rates and discounts. Call: 800-477-1200.</description>
     <ror:updatePeriod></ror:updatePeriod>
     <ror:sortOrder>2</ror:sortOrder>
     <ror:resourceOf>sitemap</ror:resourceOf>
</item>
<item>
     <link>https://www.trustinsurance.com/My-Trust-Portal-2</link>
     <title>
	My Trust Portal | The Trust
</title>
     <description>Access your Trust account 24/7 through our Online Customer Service Center. Renew your policy, download a certificate of insurance, or apply for new coverage - it&amp;#39;s all at your fingertips!</description>
     <ror:updatePeriod></ror:updatePeriod>
     <ror:sortOrder>2</ror:sortOrder>
     <ror:resourceOf>sitemap</ror:resourceOf>
</item>
<item>
     <link>https://www.trustinsurance.com/My-Trust-Portal-3</link>
     <title>
	My Trust Portal | The Trust
</title>
     <description>Access your Trust account 24/7 through our Online Customer Service Center. Renew your policy, download a certificate of insurance, or apply for new coverage - it&amp;#39;s all at your fingertips!</description>
     <ror:updatePeriod></ror:updatePeriod>
     <ror:sortOrder>2</ror:sortOrder>
     <ror:resourceOf>sitemap</ror:resourceOf>
</item>
<item>
     <link>https://www.trustinsurance.com/Get-A-Quote</link>
     <title>
	The Trust | Professional Liability Insurance for Psychologists > Get A Quote
</title>
     <description>The Trust provides professional liability insurance and financial security products for psychologists, with affordable rates and discounts. Call: 800-477-1200.</description>
     <ror:updatePeriod></ror:updatePeriod>
     <ror:sortOrder>2</ror:sortOrder>
     <ror:resourceOf>sitemap</ror:resourceOf>
</item>
<item>
     <link>https://www.trustinsurance.com/Apply-For-Coverage-Step-2</link>
     <title>
	The Trust | Professional Liability Insurance for Psychologists > Apply For Coverage Step 2
</title>
     <description>The Trust provides professional liability insurance and financial security products for psychologists, with affordable rates and discounts. Call: 800-477-1200.</description>
     <ror:updatePeriod></ror:updatePeriod>
     <ror:sortOrder>2</ror:sortOrder>
     <ror:resourceOf>sitemap</ror:resourceOf>
</item>
<item>
     <link>https://www.trustinsurance.com/Apply-For-Coverage-Step-3</link>
     <title>
	The Trust | Professional Liability Insurance for Psychologists > Apply For Coverage Step 3
</title>
     <description>The Trust provides professional liability insurance and financial security products for psychologists, with affordable rates and discounts. Call: 800-477-1200.</description>
     <ror:updatePeriod></ror:updatePeriod>
     <ror:sortOrder>2</ror:sortOrder>
     <ror:resourceOf>sitemap</ror:resourceOf>
</item>
<item>
     <link>https://www.trustinsurance.com/Students-in-Psychology</link>
     <title>
	Students in Psychology | The Trust
</title>
     <description>Liability insurance that covers student throughout your career – including practicum, internship, or other direct psychology service. Call: 800-477-1200.</description>
     <ror:updatePeriod></ror:updatePeriod>
     <ror:sortOrder>2</ror:sortOrder>
     <ror:resourceOf>sitemap</ror:resourceOf>
</item>
<item>
     <link>https://www.trustinsurance.com/About/TrustPARMA/Risk-ManagementFAQ/Risk-Management-Social-Media/programid/1</link>
     <title>
	Risk Management:  Social Media | TrustPARMA 
</title>
     <description>The Trust provides professional liability insurance and financial security products for psychologists, with affordable rates and discounts. Call: 800-477-1200.</description>
     <ror:updatePeriod></ror:updatePeriod>
     <ror:sortOrder>3</ror:sortOrder>
     <ror:resourceOf>sitemap</ror:resourceOf>
</item>
<item>
     <link>https://www.trustinsurance.com/About/TrustPARMA/Risk-ManagementFAQ/Risk-Management-Client-Termination/programid/1</link>
     <title>
	Risk Management:  Client Termination | TrustPARMA
</title>
     <description>The Trust provides professional liability insurance and financial security products for psychologists, with affordable rates and discounts. Call: 800-477-1200.</description>
     <ror:updatePeriod></ror:updatePeriod>
     <ror:sortOrder>3</ror:sortOrder>
     <ror:resourceOf>sitemap</ror:resourceOf>
</item>
<item>
     <link>https://www.trustinsurance.com/products-services/group-term-life/worksheet</link>
     <title>
	Group Term Life Insurance Program Worksheet | The Trust
</title>
     <description>Find the right Trust Group Term Life insurance program. Inquire about our affordable rates and available premium discounts. Call: 800-477-1200</description>
     <ror:updatePeriod></ror:updatePeriod>
     <ror:sortOrder>3</ror:sortOrder>
     <ror:resourceOf>sitemap</ror:resourceOf>
</item>
<item>
     <link>https://www.trustinsurance.com/Blog/rss/1002</link>
     <title></title>
     
     <ror:updatePeriod></ror:updatePeriod>
     <ror:sortOrder>3</ror:sortOrder>
     <ror:resourceOf>sitemap</ror:resourceOf>
</item>
<item>
     <link>https://www.trustinsurance.com/Blog/author/elizabeth-harris</link>
     <title>
	The Trust | Professional Liability Insurance for Psychologists > Blog
</title>
     <description>The Trust provides professional liability insurance and financial security products for psychologists, with affordable rates and discounts. Call: 800-477-1200.</description>
     <ror:updatePeriod></ror:updatePeriod>
     <ror:sortOrder>3</ror:sortOrder>
     <ror:resourceOf>sitemap</ror:resourceOf>
</item>
<item>
     <link>https://www.trustinsurance.com/Blog/top-5-tips-to-prevent-or-respond-to-licensing-board-complaints</link>
     <title>
	Top 5 tips to prevent or respond to licensing board complaints
</title>
     <description>If you grew up in the 80’s, you no doubt remember the cartoons that aired every Saturday morning. One of the more popular ones was “G.I. Joe”. At the end of every episode was a segment similar to a public service announcement wherein a child encounters a problem and just before the child is about to do something dangerous or foolish, a G.I. Joe character shows up and gives the child advice (such as don’t talk to strangers or don’t steal). The segment always ended with the words “and </description>
     <ror:updatePeriod></ror:updatePeriod>
     <ror:sortOrder>3</ror:sortOrder>
     <ror:resourceOf>sitemap</ror:resourceOf>
</item>
<item>
     <link>https://www.trustinsurance.com/Blog/the-one-thing-you-should-absolutely-do-this-summer</link>
     <title>
	The one thing you should absolutely do this summer
</title>
     <description>When was the last time you took a vacation? I’m talking about a REAL vacation. The kind where you forget about work, put down your phone, stop checking emails, take a deep breath, sit down, and just relax. If you can’t remember, you’re not alone. 
A recent survey by the U.S. Travel Association found that 54% of Americans ended 2016 with unused time off, forfeiting 662 million vacation days. Another survey by Glassdoor found one in 10 Americans took no time off in 12 months while 42% only</description>
     <ror:updatePeriod></ror:updatePeriod>
     <ror:sortOrder>3</ror:sortOrder>
     <ror:resourceOf>sitemap</ror:resourceOf>
</item>
<item>
     <link>https://www.trustinsurance.com/Blog/the-what-if-question-every-psychologist-asks</link>
     <title>
	The “what if” question every psychologist asks
</title>
     <description>It’s only natural to ask ourselves “what if…?”, we do it almost every day. What if I said the wrong thing? What if I went back to school? What if we move to another city or state? The list goes on and on. As a psychologist, you undoubtedly have asked yourself “what if a client files a malpractice claim against me?”.
The truth is, very few professionals, including psychologists, have the financial resources to defend a malpractice claim on their own. Legal costs alone could total ten</description>
     <ror:updatePeriod></ror:updatePeriod>
     <ror:sortOrder>3</ror:sortOrder>
     <ror:resourceOf>sitemap</ror:resourceOf>
</item>
<item>
     <link>https://www.trustinsurance.com/resources/articles</link>
     <title>
	Article Center | The Trust
</title>
     <description>Latest articles about the field of psychology, liability insurance, legal and risk management concerns, private practice, and Trust news.</description>
     <ror:updatePeriod></ror:updatePeriod>
     <ror:sortOrder>3</ror:sortOrder>
     <ror:resourceOf>sitemap</ror:resourceOf>
</item>
<item>
     <link>https://www.trustinsurance.com/Privacy</link>
     <title>
	The Trust | Professional Liability Insurance for Psychologists
</title>
     <description>The Trust provides professional liability insurance and financial security products for psychologists, with affordable rates and discounts. Call: 800-477-1200.</description>
     <ror:updatePeriod></ror:updatePeriod>
     <ror:sortOrder>4</ror:sortOrder>
     <ror:resourceOf>sitemap</ror:resourceOf>
</item>
<item>
     <link>https://www.trustinsurance.com/Terms</link>
     <title>
	The Trust | Professional Liability Insurance for Psychologists
</title>
     <description>The Trust provides professional liability insurance and financial security products for psychologists, with affordable rates and discounts. Call: 800-477-1200.</description>
     <ror:updatePeriod></ror:updatePeriod>
     <ror:sortOrder>4</ror:sortOrder>
     <ror:resourceOf>sitemap</ror:resourceOf>
</item>
</channel>
</rss>
  